CREATE FUNCTION MX_TOLOCALDATETIME(v TIMESTAMP, timeZoneId NVARCHAR(50)) RETURNS TIMESTAMP LANGUAGE JAVA DETERMINISTIC NO SQL EXTERNAL NAME 'CLASSPATH:com.mendix.connectionbus.connections.jdbc.implementations.hsqldb.DateTimeLocalizationConverter.convertToLocalDateTime';
CREATE TABLE "mendixsystem$entity" (
	"id" VARCHAR_IGNORECASE(36) NOT NULL,
	"entity_name" VARCHAR_IGNORECASE(511) NOT NULL,
	"table_name" VARCHAR_IGNORECASE(255) NOT NULL,
	"superentity_id" VARCHAR_IGNORECASE(255) NULL,
	PRIMARY KEY("id"));
CREATE INDEX "idx_mendixsystem$entity_entity_name" ON "mendixsystem$entity"
	("entity_name");
CREATE TABLE "mendixsystem$attribute" (
	"id" VARCHAR_IGNORECASE(36) NOT NULL,
	"entity_id" VARCHAR_IGNORECASE(255) NOT NULL,
	"attribute_name" VARCHAR_IGNORECASE(255) NOT NULL,
	"column_name" VARCHAR_IGNORECASE(255) NOT NULL,
	"type" INT NOT NULL,
	"length" INT NULL,
	"default_value" VARCHAR_IGNORECASE(2147483647) NULL,
	"is_auto_number" BOOLEAN NOT NULL,
	PRIMARY KEY("id"));
CREATE TABLE "mendixsystem$index" (
	"id" VARCHAR_IGNORECASE(36) NOT NULL,
	"table_id" VARCHAR_IGNORECASE(36) NOT NULL,
	"index_name" VARCHAR_IGNORECASE(255) NOT NULL,
	PRIMARY KEY("id"));
CREATE TABLE "mendixsystem$index_column" (
	"index_id" VARCHAR_IGNORECASE(36) NOT NULL,
	"column_id" VARCHAR_IGNORECASE(36) NOT NULL,
	"sort_order" BOOLEAN NOT NULL,
	"ordinal" INT NOT NULL,
	PRIMARY KEY("index_id","column_id"));
CREATE TABLE "mendixsystem$association" (
	"id" VARCHAR_IGNORECASE(36) NOT NULL,
	"association_name" VARCHAR_IGNORECASE(511) NOT NULL,
	"table_name" VARCHAR_IGNORECASE(255) NOT NULL,
	"parent_entity_id" VARCHAR_IGNORECASE(36) NOT NULL,
	"child_entity_id" VARCHAR_IGNORECASE(36) NOT NULL,
	"parent_column_name" VARCHAR_IGNORECASE(255) NOT NULL,
	"child_column_name" VARCHAR_IGNORECASE(255) NOT NULL,
	"index_name" VARCHAR_IGNORECASE(255) NULL,
	PRIMARY KEY("id"));
CREATE TABLE "mendixsystem$version" (
	"versionnumber" VARCHAR_IGNORECASE(255) NOT NULL,
	"lastsyncdate" TIMESTAMP NOT NULL,
	"preanalysismigrationversionnumber" VARCHAR_IGNORECASE(255) NOT NULL,
	"modelversionnumber" VARCHAR_IGNORECASE(255) NULL,
	"sprintrprojectname" VARCHAR_IGNORECASE(511) NULL,
	PRIMARY KEY("versionnumber"));
CREATE TABLE "mendixsystem$sequence" (
	"name" VARCHAR_IGNORECASE(255) NOT NULL,
	"attribute_id" VARCHAR_IGNORECASE(36) NOT NULL,
	"start_value" BIGINT NOT NULL,
	"current_value" BIGINT NULL,
	PRIMARY KEY("attribute_id"));
CREATE INDEX "idx_mendixsystem$sequence_name" ON "mendixsystem$sequence"
	("name");
CREATE TABLE "mendixsystem$entityidentifier" (
	"id" VARCHAR_IGNORECASE(36) NOT NULL,
	"short_id" SMALLINT NULL,
	"object_sequence" BIGINT NULL,
	PRIMARY KEY("id"));
CREATE INDEX "idx_mendixsystem$entityidentifier_short_id" ON "mendixsystem$entityidentifier"
	("short_id");
CREATE TABLE "system$image" (
	"id" BIGINT NOT NULL,
	"publicthumbnailpath" VARCHAR_IGNORECASE(500) NULL,
	PRIMARY KEY("id"));
INSERT INTO "mendixsystem$entity" ("id", 
"entity_name", 
"table_name", 
"superentity_id")
 VALUES ('37827192-315d-4ab6-85b8-f626f866ea76', 
'System.Image', 
'system$image', 
'170ce49d-f29c-4fac-99a6-b55e8a3aeb39');
INSERT INTO "mendixsystem$attribute" ("id", 
"entity_id", 
"attribute_name", 
"column_name", 
"type", 
"length", 
"default_value", 
"is_auto_number")
 VALUES ('41c141fa-700b-44de-870d-1aa971e11689', 
'37827192-315d-4ab6-85b8-f626f866ea76', 
'PublicThumbnailPath', 
'publicthumbnailpath', 
30, 
500, 
'', 
false);
CREATE TABLE "system$userrole" (
	"id" BIGINT NOT NULL,
	"name" VARCHAR_IGNORECASE(100) NULL,
	"description" VARCHAR_IGNORECASE(1000) NULL,
	"modelguid" VARCHAR_IGNORECASE(36) NULL,
	PRIMARY KEY("id"));
CREATE INDEX "idx_system$userrole_name" ON "system$userrole"
	("name","id");
INSERT INTO "mendixsystem$entity" ("id", 
"entity_name", 
"table_name")
 VALUES ('92ef30a6-de04-423c-84fd-a21e9b9eeae2', 
'System.UserRole', 
'system$userrole');
INSERT INTO "mendixsystem$attribute" ("id", 
"entity_id", 
"attribute_name", 
"column_name", 
"type", 
"length", 
"default_value", 
"is_auto_number")
 VALUES ('3a3aca86-2f34-4038-a62f-7c0654ce21b7', 
'92ef30a6-de04-423c-84fd-a21e9b9eeae2', 
'Name', 
'name', 
30, 
100, 
'', 
false);
INSERT INTO "mendixsystem$attribute" ("id", 
"entity_id", 
"attribute_name", 
"column_name", 
"type", 
"length", 
"default_value", 
"is_auto_number")
 VALUES ('a33fbc53-ecf5-46c5-bad2-a364686e19dc', 
'92ef30a6-de04-423c-84fd-a21e9b9eeae2', 
'Description', 
'description', 
30, 
1000, 
'', 
false);
INSERT INTO "mendixsystem$attribute" ("id", 
"entity_id", 
"attribute_name", 
"column_name", 
"type", 
"length", 
"default_value", 
"is_auto_number")
 VALUES ('3cb7dc95-eac8-4999-8af4-492a4f2c0d73', 
'92ef30a6-de04-423c-84fd-a21e9b9eeae2', 
'ModelGUID', 
'modelguid', 
30, 
36, 
'', 
false);
INSERT INTO "mendixsystem$index" ("id", 
"table_id", 
"index_name")
 VALUES ('a46808f5-f89a-41eb-81e2-217968eac118', 
'92ef30a6-de04-423c-84fd-a21e9b9eeae2', 
'idx_system$userrole_name');
INSERT INTO "mendixsystem$index_column" ("index_id", 
"column_id", 
"sort_order", 
"ordinal")
 VALUES ('a46808f5-f89a-41eb-81e2-217968eac118', 
'3a3aca86-2f34-4038-a62f-7c0654ce21b7', 
false, 
0);
CREATE TABLE "system$grantableroles" (
	"system$userroleid1" BIGINT NOT NULL,
	"system$userroleid2" BIGINT NOT NULL,
	PRIMARY KEY("system$userroleid1","system$userroleid2"));
CREATE INDEX "idx_system$grantableroles_system$userrole_system$userrole" ON "system$grantableroles"
	("system$userroleid2","system$userroleid1");
INSERT INTO "mendixsystem$association" ("id", 
"association_name", 
"table_name", 
"parent_entity_id", 
"child_entity_id", 
"parent_column_name", 
"child_column_name", 
"index_name")
 VALUES ('1adca745-c7a9-44ff-92bb-5d41cb2a1743', 
'System.grantableRoles', 
'system$grantableroles', 
'92ef30a6-de04-423c-84fd-a21e9b9eeae2', 
'92ef30a6-de04-423c-84fd-a21e9b9eeae2', 
'system$userroleid1', 
'system$userroleid2', 
'idx_system$grantableroles_system$userrole_system$userrole');
CREATE TABLE "system$xasinstance" (
	"id" BIGINT NOT NULL,
	"lastupdate" TIMESTAMP NULL,
	"allowednumberofconcurrentusers" INT NULL,
	"createddate" TIMESTAMP NULL,
	"customername" VARCHAR_IGNORECASE(200) NULL,
	"partnername" VARCHAR_IGNORECASE(200) NULL,
	"xasid" VARCHAR_IGNORECASE(50) NULL,
	PRIMARY KEY("id"));
INSERT INTO "mendixsystem$entity" ("id", 
"entity_name", 
"table_name")
 VALUES ('d4154981-8dac-4150-aec5-efa3ef62a7a2', 
'System.XASInstance', 
'system$xasinstance');
INSERT INTO "mendixsystem$attribute" ("id", 
"entity_id", 
"attribute_name", 
"column_name", 
"type", 
"length", 
"default_value", 
"is_auto_number")
 VALUES ('0c4060ab-4901-419c-a184-81f20fa0460e', 
'd4154981-8dac-4150-aec5-efa3ef62a7a2', 
'LastUpdate', 
'lastupdate', 
20, 
200, 
'', 
false);
INSERT INTO "mendixsystem$attribute" ("id", 
"entity_id", 
"attribute_name", 
"column_name", 
"type", 
"length", 
"default_value", 
"is_auto_number")
 VALUES ('2dbe88f5-2b15-4ec3-b295-2e2b496a1ebd', 
'd4154981-8dac-4150-aec5-efa3ef62a7a2', 
'AllowedNumberOfConcurrentUsers', 
'allowednumberofconcurrentusers', 
3, 
200, 
'', 
false);
INSERT INTO "mendixsystem$attribute" ("id", 
"entity_id", 
"attribute_name", 
"column_name", 
"type", 
"length", 
"default_value", 
"is_auto_number")
 VALUES ('65b02632-d981-3a1c-8ec5-2a36fe6fd7d8', 
'd4154981-8dac-4150-aec5-efa3ef62a7a2', 
'createdDate', 
'createddate', 
20, 
0, 
'', 
false);
INSERT INTO "mendixsystem$attribute" ("id", 
"entity_id", 
"attribute_name", 
"column_name", 
"type", 
"length", 
"default_value", 
"is_auto_number")
 VALUES ('7ca1bcd3-9355-472f-9e3f-4440366297d6', 
'd4154981-8dac-4150-aec5-efa3ef62a7a2', 
'CustomerName', 
'customername', 
30, 
200, 
'', 
false);
INSERT INTO "mendixsystem$attribute" ("id", 
"entity_id", 
"attribute_name", 
"column_name", 
"type", 
"length", 
"default_value", 
"is_auto_number")
 VALUES ('4359850e-675d-49db-a25c-d78ee530dc33', 
'd4154981-8dac-4150-aec5-efa3ef62a7a2', 
'PartnerName', 
'partnername', 
30, 
200, 
'', 
false);
INSERT INTO "mendixsystem$attribute" ("id", 
"entity_id", 
"attribute_name", 
"column_name", 
"type", 
"length", 
"default_value", 
"is_auto_number")
 VALUES ('91b58eb9-c16c-4e33-b66b-28489e7fb783', 
'd4154981-8dac-4150-aec5-efa3ef62a7a2', 
'XASId', 
'xasid', 
30, 
50, 
'', 
false);
CREATE TABLE "system$licenseinformation" (
	"id" BIGINT NOT NULL,
	"separateanonymoususers" BOOLEAN NULL,
	"licensetype" VARCHAR_IGNORECASE(200) NULL,
	"licensekey" VARCHAR_IGNORECASE(2147483647) NULL,
	"runtimemode" VARCHAR_IGNORECASE(200) NULL,
	"serverid" VARCHAR_IGNORECASE(200) NULL,
	"company" VARCHAR_IGNORECASE(200) NULL,
	"expirationdate" TIMESTAMP NULL,
	PRIMARY KEY("id"));
INSERT INTO "mendixsystem$entity" ("id", 
"entity_name", 
"table_name")
 VALUES ('2094c41d-9a78-4f9b-a099-862521f8fd98', 
'System.LicenseInformation', 
'system$licenseinformation');
INSERT INTO "mendixsystem$attribute" ("id", 
"entity_id", 
"attribute_name", 
"column_name", 
"type", 
"length", 
"default_value", 
"is_auto_number")
 VALUES ('1575d644-26fb-44c5-b8ad-1a5a9cfa25f3', 
'2094c41d-9a78-4f9b-a099-862521f8fd98', 
'SeparateAnonymousUsers', 
'separateanonymoususers', 
10, 
200, 
'false', 
false);
INSERT INTO "mendixsystem$attribute" ("id", 
"entity_id", 
"attribute_name", 
"column_name", 
"type", 
"length", 
"default_value", 
"is_auto_number")
 VALUES ('8e3885e9-b952-4574-9f41-fa0327adb3a1', 
'2094c41d-9a78-4f9b-a099-862521f8fd98', 
'LicenseType', 
'licensetype', 
40, 
200, 
'', 
false);
INSERT INTO "mendixsystem$attribute" ("id", 
"entity_id", 
"attribute_name", 
"column_name", 
"type", 
"length", 
"default_value", 
"is_auto_number")
 VALUES ('e76e16d4-50e0-4886-a6b3-6705670aac00', 
'2094c41d-9a78-4f9b-a099-862521f8fd98', 
'LicenseKey', 
'licensekey', 
30, 
0, 
'', 
false);
INSERT INTO "mendixsystem$attribute" ("id", 
"entity_id", 
"attribute_name", 
"column_name", 
"type", 
"length", 
"default_value", 
"is_auto_number")
 VALUES ('9f9a6510-c754-4b3e-88d7-15ef5633b456', 
'2094c41d-9a78-4f9b-a099-862521f8fd98', 
'RuntimeMode', 
'runtimemode', 
40, 
200, 
'', 
false);
INSERT INTO "mendixsystem$attribute" ("id", 
"entity_id", 
"attribute_name", 
"column_name", 
"type", 
"length", 
"default_value", 
"is_auto_number")
 VALUES ('cc9a899e-d817-4c4d-b7ce-26e6bd1778a7', 
'2094c41d-9a78-4f9b-a099-862521f8fd98', 
'ServerID', 
'serverid', 
30, 
200, 
'', 
false);
INSERT INTO "mendixsystem$attribute" ("id", 
"entity_id", 
"attribute_name", 
"column_name", 
"type", 
"length", 
"default_value", 
"is_auto_number")
 VALUES ('7ecc851a-0d45-437f-8b81-276b6a352ef1', 
'2094c41d-9a78-4f9b-a099-862521f8fd98', 
'Company', 
'company', 
30, 
200, 
'', 
false);
INSERT INTO "mendixsystem$attribute" ("id", 
"entity_id", 
"attribute_name", 
"column_name", 
"type", 
"length", 
"default_value", 
"is_auto_number")
 VALUES ('f3aa0140-2ed8-4798-a823-eb2be764f5f7', 
'2094c41d-9a78-4f9b-a099-862521f8fd98', 
'ExpirationDate', 
'expirationdate', 
20, 
200, 
'', 
false);
CREATE TABLE "system$privatefiledocument" (
	"id" BIGINT NOT NULL,
	PRIMARY KEY("id"));
INSERT INTO "mendixsystem$entity" ("id", 
"entity_name", 
"table_name", 
"superentity_id")
 VALUES ('3b6f5ca3-28d6-4581-b26e-7ce5bd0e6eeb', 
'System.PrivateFileDocument', 
'system$privatefiledocument', 
'170ce49d-f29c-4fac-99a6-b55e8a3aeb39');
CREATE TABLE "system$scheduledeventinformation" (
	"id" BIGINT NOT NULL,
	"name" VARCHAR_IGNORECASE(200) NULL,
	"status" VARCHAR_IGNORECASE(20) NULL,
	"description" VARCHAR_IGNORECASE(2147483647) NULL,
	"endtime" TIMESTAMP NULL,
	"starttime" TIMESTAMP NULL,
	PRIMARY KEY("id"));
INSERT INTO "mendixsystem$entity" ("id", 
"entity_name", 
"table_name")
 VALUES ('685df5a6-1e02-49bb-a0b5-5a55c5e8313d', 
'System.ScheduledEventInformation', 
'system$scheduledeventinformation');
INSERT INTO "mendixsystem$attribute" ("id", 
"entity_id", 
"attribute_name", 
"column_name", 
"type", 
"length", 
"default_value", 
"is_auto_number")
 VALUES ('8b7184a0-cd05-4c75-89f9-be6e9349783b', 
'685df5a6-1e02-49bb-a0b5-5a55c5e8313d', 
'Name', 
'name', 
30, 
200, 
'', 
false);
INSERT INTO "mendixsystem$attribute" ("id", 
"entity_id", 
"attribute_name", 
"column_name", 
"type", 
"length", 
"default_value", 
"is_auto_number")
 VALUES ('6d2a7545-4e52-4c5d-ac02-0b8211d0585f', 
'685df5a6-1e02-49bb-a0b5-5a55c5e8313d', 
'Status', 
'status', 
40, 
20, 
'', 
false);
INSERT INTO "mendixsystem$attribute" ("id", 
"entity_id", 
"attribute_name", 
"column_name", 
"type", 
"length", 
"default_value", 
"is_auto_number")
 VALUES ('26ccae8a-22b1-4899-87c9-c5b4915dbf28', 
'685df5a6-1e02-49bb-a0b5-5a55c5e8313d', 
'Description', 
'description', 
30, 
0, 
'', 
false);
INSERT INTO "mendixsystem$attribute" ("id", 
"entity_id", 
"attribute_name", 
"column_name", 
"type", 
"length", 
"default_value", 
"is_auto_number")
 VALUES ('33adad79-f658-4e69-8c58-e003fb3c78be', 
'685df5a6-1e02-49bb-a0b5-5a55c5e8313d', 
'EndTime', 
'endtime', 
20, 
50, 
'', 
false);
INSERT INTO "mendixsystem$attribute" ("id", 
"entity_id", 
"attribute_name", 
"column_name", 
"type", 
"length", 
"default_value", 
"is_auto_number")
 VALUES ('651e7007-7fcd-43b3-a918-a0de81de34bf', 
'685df5a6-1e02-49bb-a0b5-5a55c5e8313d', 
'StartTime', 
'starttime', 
20, 
50, 
'', 
false);
CREATE TABLE "system$language" (
	"id" BIGINT NOT NULL,
	"description" VARCHAR_IGNORECASE(200) NULL,
	"code" VARCHAR_IGNORECASE(20) NULL,
	PRIMARY KEY("id"));
INSERT INTO "mendixsystem$entity" ("id", 
"entity_name", 
"table_name")
 VALUES ('76805df3-dede-435f-92a6-d6525c68a693', 
'System.Language', 
'system$language');
INSERT INTO "mendixsystem$attribute" ("id", 
"entity_id", 
"attribute_name", 
"column_name", 
"type", 
"length", 
"default_value", 
"is_auto_number")
 VALUES ('d879cb38-5630-4fdf-9e39-f03da0aa8ede', 
'76805df3-dede-435f-92a6-d6525c68a693', 
'Description', 
'description', 
30, 
200, 
'', 
false);
INSERT INTO "mendixsystem$attribute" ("id", 
"entity_id", 
"attribute_name", 
"column_name", 
"type", 
"length", 
"default_value", 
"is_auto_number")
 VALUES ('88390044-5b74-4e71-8b88-a6e4e91f6f2e', 
'76805df3-dede-435f-92a6-d6525c68a693', 
'Code', 
'code', 
30, 
20, 
'', 
false);
CREATE TABLE "myfirstmodule$timeritems" (
	"id" BIGINT NOT NULL,
	"currenttimestring" VARCHAR_IGNORECASE(200) NULL,
	PRIMARY KEY("id"));
INSERT INTO "mendixsystem$entity" ("id", 
"entity_name", 
"table_name")
 VALUES ('184c36df-58df-4cef-b2bc-059ef2294145', 
'MyFirstModule.TimerItems', 
'myfirstmodule$timeritems');
INSERT INTO "mendixsystem$attribute" ("id", 
"entity_id", 
"attribute_name", 
"column_name", 
"type", 
"length", 
"default_value", 
"is_auto_number")
 VALUES ('dff17dff-20ba-4b66-80b7-08e2930971be', 
'184c36df-58df-4cef-b2bc-059ef2294145', 
'CurrentTimeString', 
'currenttimestring', 
30, 
200, 
'', 
false);
CREATE TABLE "myfirstmodule$timerobjects_camera" (
	"myfirstmodule$timeritemsid" BIGINT NOT NULL,
	"myfirstmodule$cameraid" BIGINT NOT NULL,
	PRIMARY KEY("myfirstmodule$timeritemsid","myfirstmodule$cameraid"));
CREATE INDEX "idx_myfirstmodule$timerobjects_camera_myfirstmodule$camera_myfirstmodule$timeritems" ON "myfirstmodule$timerobjects_camera"
	("myfirstmodule$cameraid","myfirstmodule$timeritemsid");
INSERT INTO "mendixsystem$association" ("id", 
"association_name", 
"table_name", 
"parent_entity_id", 
"child_entity_id", 
"parent_column_name", 
"child_column_name", 
"index_name")
 VALUES ('146ec8f6-97a9-4fb3-8ad3-3d73e5886540', 
'MyFirstModule.TimerObjects_Camera', 
'myfirstmodule$timerobjects_camera', 
'184c36df-58df-4cef-b2bc-059ef2294145', 
'add31ae4-b768-4d3f-beae-42f3d5114b82', 
'myfirstmodule$timeritemsid', 
'myfirstmodule$cameraid', 
'idx_myfirstmodule$timerobjects_camera_myfirstmodule$camera_myfirstmodule$timeritems');
CREATE TABLE "system$statistics" (
	"id" BIGINT NOT NULL,
	"maxnumberofconcurrentusers" INT NULL,
	"maxnumberofnamedusers" INT NULL,
	"lastupdate" TIMESTAMP NULL,
	"maxnumberofanonymousconcurrentusers" INT NULL,
	"createddate" TIMESTAMP NULL,
	PRIMARY KEY("id"));
INSERT INTO "mendixsystem$entity" ("id", 
"entity_name", 
"table_name")
 VALUES ('efabe590-d3e2-4b24-9c39-836a367d217f', 
'System.Statistics', 
'system$statistics');
INSERT INTO "mendixsystem$attribute" ("id", 
"entity_id", 
"attribute_name", 
"column_name", 
"type", 
"length", 
"default_value", 
"is_auto_number")
 VALUES ('c9cf945d-4a51-49fd-8ac0-fe1f8998e059', 
'efabe590-d3e2-4b24-9c39-836a367d217f', 
'MaxNumberOfConcurrentUsers', 
'maxnumberofconcurrentusers', 
3, 
200, 
'0', 
false);
INSERT INTO "mendixsystem$attribute" ("id", 
"entity_id", 
"attribute_name", 
"column_name", 
"type", 
"length", 
"default_value", 
"is_auto_number")
 VALUES ('f2e32aad-4142-4256-babb-64d2944c35a1', 
'efabe590-d3e2-4b24-9c39-836a367d217f', 
'MaxNumberOfNamedUsers', 
'maxnumberofnamedusers', 
3, 
200, 
'0', 
false);
INSERT INTO "mendixsystem$attribute" ("id", 
"entity_id", 
"attribute_name", 
"column_name", 
"type", 
"length", 
"default_value", 
"is_auto_number")
 VALUES ('444cda15-e7f4-43e7-a8d3-69c06081d868', 
'efabe590-d3e2-4b24-9c39-836a367d217f', 
'LastUpdate', 
'lastupdate', 
20, 
200, 
'', 
false);
INSERT INTO "mendixsystem$attribute" ("id", 
"entity_id", 
"attribute_name", 
"column_name", 
"type", 
"length", 
"default_value", 
"is_auto_number")
 VALUES ('2c0c77ad-fc8e-4819-bf45-51548b813f2b', 
'efabe590-d3e2-4b24-9c39-836a367d217f', 
'MaxNumberOfAnonymousConcurrentUsers', 
'maxnumberofanonymousconcurrentusers', 
3, 
200, 
'0', 
false);
INSERT INTO "mendixsystem$attribute" ("id", 
"entity_id", 
"attribute_name", 
"column_name", 
"type", 
"length", 
"default_value", 
"is_auto_number")
 VALUES ('2c252288-582f-38a1-8929-bae57eebacfb', 
'efabe590-d3e2-4b24-9c39-836a367d217f', 
'createdDate', 
'createddate', 
20, 
0, 
'', 
false);
CREATE TABLE "system$clustermanager" (
	"system$statisticsid" BIGINT NOT NULL,
	"system$xasinstanceid" BIGINT NOT NULL,
	PRIMARY KEY("system$statisticsid","system$xasinstanceid"));
CREATE INDEX "idx_system$clustermanager_system$xasinstance_system$statistics" ON "system$clustermanager"
	("system$xasinstanceid","system$statisticsid");
INSERT INTO "mendixsystem$association" ("id", 
"association_name", 
"table_name", 
"parent_entity_id", 
"child_entity_id", 
"parent_column_name", 
"child_column_name", 
"index_name")
 VALUES ('d9eb2a5f-b448-4a73-b179-4141ab51e622', 
'System.ClusterManager', 
'system$clustermanager', 
'efabe590-d3e2-4b24-9c39-836a367d217f', 
'd4154981-8dac-4150-aec5-efa3ef62a7a2', 
'system$statisticsid', 
'system$xasinstanceid', 
'idx_system$clustermanager_system$xasinstance_system$statistics');
CREATE TABLE "myfirstmodule$camera" (
	"id" BIGINT NOT NULL,
	"name" VARCHAR_IGNORECASE(200) NULL,
	"location" VARCHAR_IGNORECASE(200) NULL,
	PRIMARY KEY("id"));
INSERT INTO "mendixsystem$entity" ("id", 
"entity_name", 
"table_name")
 VALUES ('add31ae4-b768-4d3f-beae-42f3d5114b82', 
'MyFirstModule.Camera', 
'myfirstmodule$camera');
INSERT INTO "mendixsystem$attribute" ("id", 
"entity_id", 
"attribute_name", 
"column_name", 
"type", 
"length", 
"default_value", 
"is_auto_number")
 VALUES ('d8b1d075-f9fc-4683-b832-7c0055f2addf', 
'add31ae4-b768-4d3f-beae-42f3d5114b82', 
'Name', 
'name', 
30, 
200, 
'', 
false);
INSERT INTO "mendixsystem$attribute" ("id", 
"entity_id", 
"attribute_name", 
"column_name", 
"type", 
"length", 
"default_value", 
"is_auto_number")
 VALUES ('9cf87e67-c1c2-4206-b245-fdc9ee84b532', 
'add31ae4-b768-4d3f-beae-42f3d5114b82', 
'Location', 
'location', 
30, 
200, 
'', 
false);
CREATE TABLE "system$filedocument" (
	"id" BIGINT NOT NULL,
	"name" VARCHAR_IGNORECASE(400) NULL,
	"changeddate" TIMESTAMP NULL,
	"__filename__" BIGINT NULL,
	"hascontents" BOOLEAN NULL,
	"fileid" BIGINT NULL,
	"contents" LONGVARBINARY NULL,
	"deleteafterdownload" BOOLEAN NULL,
	"createddate" TIMESTAMP NULL,
	"submetaobjectname" VARCHAR_IGNORECASE(255) NULL,
	"system$owner" BIGINT NULL,
	"system$changedby" BIGINT NULL,
	PRIMARY KEY("id"));
CREATE SEQUENCE "system$filedocument___filename___mxseq" AS BIGINT START WITH 1;
CREATE SEQUENCE "system$filedocument_fileid_mxseq" AS BIGINT START WITH 1;
CREATE INDEX "idx_system$filedocument_fileid" ON "system$filedocument"
	("fileid","id");
CREATE INDEX "idx_system$filedocument_submetaobjectname" ON "system$filedocument"
	("submetaobjectname","id");
CREATE INDEX "idx_system$filedocument_system$owner" ON "system$filedocument"
	("system$owner","id");
CREATE INDEX "idx_system$filedocument_system$changedby" ON "system$filedocument"
	("system$changedby","id");
INSERT INTO "mendixsystem$entity" ("id", 
"entity_name", 
"table_name")
 VALUES ('170ce49d-f29c-4fac-99a6-b55e8a3aeb39', 
'System.FileDocument', 
'system$filedocument');
INSERT INTO "mendixsystem$attribute" ("id", 
"entity_id", 
"attribute_name", 
"column_name", 
"type", 
"length", 
"default_value", 
"is_auto_number")
 VALUES ('3501ab9f-42c7-46e4-ac8f-c51e256c934e', 
'170ce49d-f29c-4fac-99a6-b55e8a3aeb39', 
'Name', 
'name', 
30, 
400, 
'', 
false);
INSERT INTO "mendixsystem$attribute" ("id", 
"entity_id", 
"attribute_name", 
"column_name", 
"type", 
"length", 
"default_value", 
"is_auto_number")
 VALUES ('245def96-0172-3d83-96fe-0ee1ba825f26', 
'170ce49d-f29c-4fac-99a6-b55e8a3aeb39', 
'changedDate', 
'changeddate', 
20, 
0, 
'', 
false);
INSERT INTO "mendixsystem$attribute" ("id", 
"entity_id", 
"attribute_name", 
"column_name", 
"type", 
"length", 
"default_value", 
"is_auto_number")
 VALUES ('a02027b1-e24d-49fc-9b3f-ade644070879', 
'170ce49d-f29c-4fac-99a6-b55e8a3aeb39', 
'__FileName__', 
'__filename__', 
0, 
200, 
'1', 
true);
INSERT INTO "mendixsystem$sequence" ("attribute_id", 
"name", 
"start_value", 
"current_value")
 VALUES ('a02027b1-e24d-49fc-9b3f-ade644070879', 
'system$filedocument___filename___mxseq', 
1, 
0);
INSERT INTO "mendixsystem$attribute" ("id", 
"entity_id", 
"attribute_name", 
"column_name", 
"type", 
"length", 
"default_value", 
"is_auto_number")
 VALUES ('4c9627fb-3b64-4239-95eb-f51fb8d3f2b3', 
'170ce49d-f29c-4fac-99a6-b55e8a3aeb39', 
'HasContents', 
'hascontents', 
10, 
200, 
'false', 
false);
INSERT INTO "mendixsystem$attribute" ("id", 
"entity_id", 
"attribute_name", 
"column_name", 
"type", 
"length", 
"default_value", 
"is_auto_number")
 VALUES ('0f81688b-e719-4204-8f86-8fcd664a0992', 
'170ce49d-f29c-4fac-99a6-b55e8a3aeb39', 
'FileID', 
'fileid', 
0, 
200, 
'1', 
true);
INSERT INTO "mendixsystem$sequence" ("attribute_id", 
"name", 
"start_value", 
"current_value")
 VALUES ('0f81688b-e719-4204-8f86-8fcd664a0992', 
'system$filedocument_fileid_mxseq', 
1, 
0);
INSERT INTO "mendixsystem$attribute" ("id", 
"entity_id", 
"attribute_name", 
"column_name", 
"type", 
"length", 
"default_value", 
"is_auto_number")
 VALUES ('e6dfb82a-54fe-4fcd-a513-a086f508c2db', 
'170ce49d-f29c-4fac-99a6-b55e8a3aeb39', 
'Contents', 
'contents', 
50, 
200, 
'', 
false);
INSERT INTO "mendixsystem$attribute" ("id", 
"entity_id", 
"attribute_name", 
"column_name", 
"type", 
"length", 
"default_value", 
"is_auto_number")
 VALUES ('5fecca4d-0f28-484d-9fe7-1afde250b07d', 
'170ce49d-f29c-4fac-99a6-b55e8a3aeb39', 
'DeleteAfterDownload', 
'deleteafterdownload', 
10, 
200, 
'false', 
false);
INSERT INTO "mendixsystem$attribute" ("id", 
"entity_id", 
"attribute_name", 
"column_name", 
"type", 
"length", 
"default_value", 
"is_auto_number")
 VALUES ('8655b482-0ac3-31db-8289-b05f505b77cb', 
'170ce49d-f29c-4fac-99a6-b55e8a3aeb39', 
'createdDate', 
'createddate', 
20, 
0, 
'', 
false);
INSERT INTO "mendixsystem$attribute" ("id", 
"entity_id", 
"attribute_name", 
"column_name", 
"type", 
"length", 
"default_value", 
"is_auto_number")
 VALUES ('b51ea62a-1838-3f74-9c5f-07b5b5a92a45', 
'170ce49d-f29c-4fac-99a6-b55e8a3aeb39', 
'submetaobjectname', 
'submetaobjectname', 
30, 
255, 
'System.FileDocument', 
false);
INSERT INTO "mendixsystem$index" ("id", 
"table_id", 
"index_name")
 VALUES ('6ceea2cb-6acf-457a-852f-eb7deab79430', 
'170ce49d-f29c-4fac-99a6-b55e8a3aeb39', 
'idx_system$filedocument_fileid');
INSERT INTO "mendixsystem$index_column" ("index_id", 
"column_id", 
"sort_order", 
"ordinal")
 VALUES ('6ceea2cb-6acf-457a-852f-eb7deab79430', 
'0f81688b-e719-4204-8f86-8fcd664a0992', 
false, 
0);
INSERT INTO "mendixsystem$index" ("id", 
"table_id", 
"index_name")
 VALUES ('dfd88a6e-a3b6-3080-b6cc-d5c61334281d', 
'170ce49d-f29c-4fac-99a6-b55e8a3aeb39', 
'idx_system$filedocument_submetaobjectname');
INSERT INTO "mendixsystem$index_column" ("index_id", 
"column_id", 
"sort_order", 
"ordinal")
 VALUES ('dfd88a6e-a3b6-3080-b6cc-d5c61334281d', 
'b51ea62a-1838-3f74-9c5f-07b5b5a92a45', 
false, 
0);
INSERT INTO "mendixsystem$index" ("id", 
"table_id", 
"index_name")
 VALUES ('a5c117d9-85fc-365e-9a66-909509269987', 
'170ce49d-f29c-4fac-99a6-b55e8a3aeb39', 
'idx_system$filedocument_system$owner');
INSERT INTO "mendixsystem$index_column" ("index_id", 
"column_id", 
"sort_order", 
"ordinal")
 VALUES ('a5c117d9-85fc-365e-9a66-909509269987', 
'1442c9da-d4ae-3cf5-b3c0-6c878743e4e5', 
false, 
0);
INSERT INTO "mendixsystem$index" ("id", 
"table_id", 
"index_name")
 VALUES ('a1966801-fcea-3251-82e4-bf4178bdc504', 
'170ce49d-f29c-4fac-99a6-b55e8a3aeb39', 
'idx_system$filedocument_system$changedby');
INSERT INTO "mendixsystem$index_column" ("index_id", 
"column_id", 
"sort_order", 
"ordinal")
 VALUES ('a1966801-fcea-3251-82e4-bf4178bdc504', 
'956c1382-b9fc-3367-b0b2-cb67ee9ef13f', 
false, 
0);
INSERT INTO "mendixsystem$association" ("id", 
"association_name", 
"table_name", 
"parent_entity_id", 
"child_entity_id", 
"parent_column_name", 
"child_column_name")
 VALUES ('1442c9da-d4ae-3cf5-b3c0-6c878743e4e5', 
'System.owner', 
'system$filedocument', 
'170ce49d-f29c-4fac-99a6-b55e8a3aeb39', 
'282e2e60-88a5-469d-84a5-ba8d9151644f', 
'id', 
'system$owner');
INSERT INTO "mendixsystem$association" ("id", 
"association_name", 
"table_name", 
"parent_entity_id", 
"child_entity_id", 
"parent_column_name", 
"child_column_name")
 VALUES ('956c1382-b9fc-3367-b0b2-cb67ee9ef13f', 
'System.changedBy', 
'system$filedocument', 
'170ce49d-f29c-4fac-99a6-b55e8a3aeb39', 
'282e2e60-88a5-469d-84a5-ba8d9151644f', 
'id', 
'system$changedby');
CREATE TABLE "system$user" (
	"id" BIGINT NOT NULL,
	"isanonymous" BOOLEAN NULL,
	"name" VARCHAR_IGNORECASE(100) NULL,
	"changeddate" TIMESTAMP NULL,
	"active" BOOLEAN NULL,
	"failedlogins" INT NULL,
	"lastlogin" TIMESTAMP NULL,
	"password" VARCHAR_IGNORECASE(200) NULL,
	"blocked" BOOLEAN NULL,
	"createddate" TIMESTAMP NULL,
	"webserviceuser" BOOLEAN NULL,
	"submetaobjectname" VARCHAR_IGNORECASE(255) NULL,
	"system$owner" BIGINT NULL,
	"system$changedby" BIGINT NULL,
	PRIMARY KEY("id"));
CREATE INDEX "idx_system$user_name" ON "system$user"
	("name","id");
CREATE INDEX "idx_system$user_submetaobjectname" ON "system$user"
	("submetaobjectname","id");
CREATE INDEX "idx_system$user_system$owner" ON "system$user"
	("system$owner","id");
CREATE INDEX "idx_system$user_system$changedby" ON "system$user"
	("system$changedby","id");
INSERT INTO "mendixsystem$entity" ("id", 
"entity_name", 
"table_name")
 VALUES ('282e2e60-88a5-469d-84a5-ba8d9151644f', 
'System.User', 
'system$user');
INSERT INTO "mendixsystem$attribute" ("id", 
"entity_id", 
"attribute_name", 
"column_name", 
"type", 
"length", 
"default_value", 
"is_auto_number")
 VALUES ('28d526e0-915b-466f-80c8-56af32ece225', 
'282e2e60-88a5-469d-84a5-ba8d9151644f', 
'IsAnonymous', 
'isanonymous', 
10, 
200, 
'false', 
false);
INSERT INTO "mendixsystem$attribute" ("id", 
"entity_id", 
"attribute_name", 
"column_name", 
"type", 
"length", 
"default_value", 
"is_auto_number")
 VALUES ('69acb4a2-be26-4cc5-902a-a8591d357510', 
'282e2e60-88a5-469d-84a5-ba8d9151644f', 
'Name', 
'name', 
30, 
100, 
'', 
false);
INSERT INTO "mendixsystem$attribute" ("id", 
"entity_id", 
"attribute_name", 
"column_name", 
"type", 
"length", 
"default_value", 
"is_auto_number")
 VALUES ('e9446b4c-b0f6-3f04-8b0a-264d2384b449', 
'282e2e60-88a5-469d-84a5-ba8d9151644f', 
'changedDate', 
'changeddate', 
20, 
0, 
'', 
false);
INSERT INTO "mendixsystem$attribute" ("id", 
"entity_id", 
"attribute_name", 
"column_name", 
"type", 
"length", 
"default_value", 
"is_auto_number")
 VALUES ('b22d0982-fbee-43a7-8d20-c200d319a3e5', 
'282e2e60-88a5-469d-84a5-ba8d9151644f', 
'Active', 
'active', 
10, 
200, 
'true', 
false);
INSERT INTO "mendixsystem$attribute" ("id", 
"entity_id", 
"attribute_name", 
"column_name", 
"type", 
"length", 
"default_value", 
"is_auto_number")
 VALUES ('84845531-dbd9-4e00-8afb-c2adc08699bb', 
'282e2e60-88a5-469d-84a5-ba8d9151644f', 
'FailedLogins', 
'failedlogins', 
3, 
200, 
'0', 
false);
INSERT INTO "mendixsystem$attribute" ("id", 
"entity_id", 
"attribute_name", 
"column_name", 
"type", 
"length", 
"default_value", 
"is_auto_number")
 VALUES ('040db5be-7810-48b3-a569-516191e8803d', 
'282e2e60-88a5-469d-84a5-ba8d9151644f', 
'LastLogin', 
'lastlogin', 
20, 
15, 
'', 
false);
INSERT INTO "mendixsystem$attribute" ("id", 
"entity_id", 
"attribute_name", 
"column_name", 
"type", 
"length", 
"default_value", 
"is_auto_number")
 VALUES ('ef366bc1-ac94-4fd6-bafd-7cee2be459e6', 
'282e2e60-88a5-469d-84a5-ba8d9151644f', 
'Password', 
'password', 
31, 
200, 
'', 
false);
INSERT INTO "mendixsystem$attribute" ("id", 
"entity_id", 
"attribute_name", 
"column_name", 
"type", 
"length", 
"default_value", 
"is_auto_number")
 VALUES ('d149bcc3-5e80-46da-ac3f-ee734a64cce1', 
'282e2e60-88a5-469d-84a5-ba8d9151644f', 
'Blocked', 
'blocked', 
10, 
200, 
'false', 
false);
INSERT INTO "mendixsystem$attribute" ("id", 
"entity_id", 
"attribute_name", 
"column_name", 
"type", 
"length", 
"default_value", 
"is_auto_number")
 VALUES ('9c09d4eb-9c9c-303e-951e-8c3ea32db37a', 
'282e2e60-88a5-469d-84a5-ba8d9151644f', 
'createdDate', 
'createddate', 
20, 
0, 
'', 
false);
INSERT INTO "mendixsystem$attribute" ("id", 
"entity_id", 
"attribute_name", 
"column_name", 
"type", 
"length", 
"default_value", 
"is_auto_number")
 VALUES ('15e3e13d-2df6-4d8a-a1cc-58eea4cec602', 
'282e2e60-88a5-469d-84a5-ba8d9151644f', 
'WebServiceUser', 
'webserviceuser', 
10, 
200, 
'false', 
false);
INSERT INTO "mendixsystem$attribute" ("id", 
"entity_id", 
"attribute_name", 
"column_name", 
"type", 
"length", 
"default_value", 
"is_auto_number")
 VALUES ('c2dd7e10-28b4-304c-9ddf-104be6be9cde', 
'282e2e60-88a5-469d-84a5-ba8d9151644f', 
'submetaobjectname', 
'submetaobjectname', 
30, 
255, 
'System.User', 
false);
INSERT INTO "mendixsystem$index" ("id", 
"table_id", 
"index_name")
 VALUES ('5711e9d5-7b67-4579-b730-2ed0b852b799', 
'282e2e60-88a5-469d-84a5-ba8d9151644f', 
'idx_system$user_name');
INSERT INTO "mendixsystem$index_column" ("index_id", 
"column_id", 
"sort_order", 
"ordinal")
 VALUES ('5711e9d5-7b67-4579-b730-2ed0b852b799', 
'69acb4a2-be26-4cc5-902a-a8591d357510', 
false, 
0);
INSERT INTO "mendixsystem$index" ("id", 
"table_id", 
"index_name")
 VALUES ('d45d41fb-40ec-3b91-becf-455eb7f35bff', 
'282e2e60-88a5-469d-84a5-ba8d9151644f', 
'idx_system$user_submetaobjectname');
INSERT INTO "mendixsystem$index_column" ("index_id", 
"column_id", 
"sort_order", 
"ordinal")
 VALUES ('d45d41fb-40ec-3b91-becf-455eb7f35bff', 
'c2dd7e10-28b4-304c-9ddf-104be6be9cde', 
false, 
0);
INSERT INTO "mendixsystem$index" ("id", 
"table_id", 
"index_name")
 VALUES ('3515901d-e8f5-3173-87bb-11ae532c243e', 
'282e2e60-88a5-469d-84a5-ba8d9151644f', 
'idx_system$user_system$owner');
INSERT INTO "mendixsystem$index_column" ("index_id", 
"column_id", 
"sort_order", 
"ordinal")
 VALUES ('3515901d-e8f5-3173-87bb-11ae532c243e', 
'07738295-23fe-3fc1-832b-ed18b22727f0', 
false, 
0);
INSERT INTO "mendixsystem$index" ("id", 
"table_id", 
"index_name")
 VALUES ('291e0cde-0e23-351e-8001-6240437d1e0e', 
'282e2e60-88a5-469d-84a5-ba8d9151644f', 
'idx_system$user_system$changedby');
INSERT INTO "mendixsystem$index_column" ("index_id", 
"column_id", 
"sort_order", 
"ordinal")
 VALUES ('291e0cde-0e23-351e-8001-6240437d1e0e', 
'6013226d-aeae-3cd2-acec-d95d8bd5c3ad', 
false, 
0);
INSERT INTO "mendixsystem$association" ("id", 
"association_name", 
"table_name", 
"parent_entity_id", 
"child_entity_id", 
"parent_column_name", 
"child_column_name")
 VALUES ('07738295-23fe-3fc1-832b-ed18b22727f0', 
'System.owner', 
'system$user', 
'282e2e60-88a5-469d-84a5-ba8d9151644f', 
'282e2e60-88a5-469d-84a5-ba8d9151644f', 
'id', 
'system$owner');
INSERT INTO "mendixsystem$association" ("id", 
"association_name", 
"table_name", 
"parent_entity_id", 
"child_entity_id", 
"parent_column_name", 
"child_column_name")
 VALUES ('6013226d-aeae-3cd2-acec-d95d8bd5c3ad', 
'System.changedBy', 
'system$user', 
'282e2e60-88a5-469d-84a5-ba8d9151644f', 
'282e2e60-88a5-469d-84a5-ba8d9151644f', 
'id', 
'system$changedby');
CREATE TABLE "system$user_language" (
	"system$userid" BIGINT NOT NULL,
	"system$languageid" BIGINT NOT NULL,
	PRIMARY KEY("system$userid","system$languageid"));
CREATE INDEX "idx_system$user_language_system$language_system$user" ON "system$user_language"
	("system$languageid","system$userid");
INSERT INTO "mendixsystem$association" ("id", 
"association_name", 
"table_name", 
"parent_entity_id", 
"child_entity_id", 
"parent_column_name", 
"child_column_name", 
"index_name")
 VALUES ('00640985-3c73-4b15-9705-d4ec3ff58e6b', 
'System.User_Language', 
'system$user_language', 
'282e2e60-88a5-469d-84a5-ba8d9151644f', 
'76805df3-dede-435f-92a6-d6525c68a693', 
'system$userid', 
'system$languageid', 
'idx_system$user_language_system$language_system$user');
CREATE TABLE "system$user_timezone" (
	"system$userid" BIGINT NOT NULL,
	"system$timezoneid" BIGINT NOT NULL,
	PRIMARY KEY("system$userid","system$timezoneid"));
CREATE INDEX "idx_system$user_timezone_system$timezone_system$user" ON "system$user_timezone"
	("system$timezoneid","system$userid");
INSERT INTO "mendixsystem$association" ("id", 
"association_name", 
"table_name", 
"parent_entity_id", 
"child_entity_id", 
"parent_column_name", 
"child_column_name", 
"index_name")
 VALUES ('bab4a1ab-7d40-47d5-8f21-fc99d089211d', 
'System.User_TimeZone', 
'system$user_timezone', 
'282e2e60-88a5-469d-84a5-ba8d9151644f', 
'7f7c72af-1ab7-4bf9-bed6-16db5c8fcf6f', 
'system$userid', 
'system$timezoneid', 
'idx_system$user_timezone_system$timezone_system$user');
CREATE TABLE "system$userroles" (
	"system$userid" BIGINT NOT NULL,
	"system$userroleid" BIGINT NOT NULL,
	PRIMARY KEY("system$userid","system$userroleid"));
CREATE INDEX "idx_system$userroles_system$userrole_system$user" ON "system$userroles"
	("system$userroleid","system$userid");
INSERT INTO "mendixsystem$association" ("id", 
"association_name", 
"table_name", 
"parent_entity_id", 
"child_entity_id", 
"parent_column_name", 
"child_column_name", 
"index_name")
 VALUES ('6adaf137-4299-435e-9475-a871a4f21471', 
'System.UserRoles', 
'system$userroles', 
'282e2e60-88a5-469d-84a5-ba8d9151644f', 
'92ef30a6-de04-423c-84fd-a21e9b9eeae2', 
'system$userid', 
'system$userroleid', 
'idx_system$userroles_system$userrole_system$user');
CREATE TABLE "system$timezone" (
	"id" BIGINT NOT NULL,
	"description" VARCHAR_IGNORECASE(100) NULL,
	"rawoffset" INT NULL,
	"code" VARCHAR_IGNORECASE(50) NULL,
	PRIMARY KEY("id"));
INSERT INTO "mendixsystem$entity" ("id", 
"entity_name", 
"table_name")
 VALUES ('7f7c72af-1ab7-4bf9-bed6-16db5c8fcf6f', 
'System.TimeZone', 
'system$timezone');
INSERT INTO "mendixsystem$attribute" ("id", 
"entity_id", 
"attribute_name", 
"column_name", 
"type", 
"length", 
"default_value", 
"is_auto_number")
 VALUES ('954c43f0-3333-4264-813b-e8f1c8f2f0b6', 
'7f7c72af-1ab7-4bf9-bed6-16db5c8fcf6f', 
'Description', 
'description', 
30, 
100, 
'', 
false);
INSERT INTO "mendixsystem$attribute" ("id", 
"entity_id", 
"attribute_name", 
"column_name", 
"type", 
"length", 
"default_value", 
"is_auto_number")
 VALUES ('1060f919-60c9-4f90-91ee-81b4bf584bcd', 
'7f7c72af-1ab7-4bf9-bed6-16db5c8fcf6f', 
'RawOffset', 
'rawoffset', 
3, 
200, 
'', 
false);
INSERT INTO "mendixsystem$attribute" ("id", 
"entity_id", 
"attribute_name", 
"column_name", 
"type", 
"length", 
"default_value", 
"is_auto_number")
 VALUES ('6abafab4-6a96-46c0-9475-b72cc4d3ffd6', 
'7f7c72af-1ab7-4bf9-bed6-16db5c8fcf6f', 
'Code', 
'code', 
30, 
50, 
'', 
false);
CREATE TABLE "system$session" (
	"id" BIGINT NOT NULL,
	"sessionid" VARCHAR_IGNORECASE(50) NULL,
	"lastactive" TIMESTAMP NULL,
	"createddate" TIMESTAMP NULL,
	PRIMARY KEY("id"));
INSERT INTO "mendixsystem$entity" ("id", 
"entity_name", 
"table_name")
 VALUES ('37f9fd49-5318-4c63-9a51-f761779b202f', 
'System.Session', 
'system$session');
INSERT INTO "mendixsystem$attribute" ("id", 
"entity_id", 
"attribute_name", 
"column_name", 
"type", 
"length", 
"default_value", 
"is_auto_number")
 VALUES ('d50c78a5-d740-4a76-a356-47659cfd515e', 
'37f9fd49-5318-4c63-9a51-f761779b202f', 
'SessionId', 
'sessionid', 
30, 
50, 
'', 
false);
INSERT INTO "mendixsystem$attribute" ("id", 
"entity_id", 
"attribute_name", 
"column_name", 
"type", 
"length", 
"default_value", 
"is_auto_number")
 VALUES ('1ffdcb00-e7a4-4303-8b40-2319d9ba01b7', 
'37f9fd49-5318-4c63-9a51-f761779b202f', 
'LastActive', 
'lastactive', 
20, 
200, 
'', 
false);
INSERT INTO "mendixsystem$attribute" ("id", 
"entity_id", 
"attribute_name", 
"column_name", 
"type", 
"length", 
"default_value", 
"is_auto_number")
 VALUES ('0c2b42ef-02bd-3783-bf55-02a92f4275c7', 
'37f9fd49-5318-4c63-9a51-f761779b202f', 
'createdDate', 
'createddate', 
20, 
0, 
'', 
false);
CREATE TABLE "system$session_user" (
	"system$sessionid" BIGINT NOT NULL,
	"system$userid" BIGINT NOT NULL,
	PRIMARY KEY("system$sessionid","system$userid"));
CREATE INDEX "idx_system$session_user_system$user_system$session" ON "system$session_user"
	("system$userid","system$sessionid");
INSERT INTO "mendixsystem$association" ("id", 
"association_name", 
"table_name", 
"parent_entity_id", 
"child_entity_id", 
"parent_column_name", 
"child_column_name", 
"index_name")
 VALUES ('546aaff5-62e1-40ce-ab45-d40d0a0478f1', 
'System.Session_User', 
'system$session_user', 
'37f9fd49-5318-4c63-9a51-f761779b202f', 
'282e2e60-88a5-469d-84a5-ba8d9151644f', 
'system$sessionid', 
'system$userid', 
'idx_system$session_user_system$user_system$session');
CREATE TABLE "system$userlimitation" (
	"id" BIGINT NOT NULL,
	"numberofallowedusers" INT NULL,
	"limitationtype" VARCHAR_IGNORECASE(200) NULL,
	"amounttype" VARCHAR_IGNORECASE(200) NULL,
	PRIMARY KEY("id"));
INSERT INTO "mendixsystem$entity" ("id", 
"entity_name", 
"table_name")
 VALUES ('fc9a5209-0dd8-416a-b14e-0eb8a26d26fa', 
'System.UserLimitation', 
'system$userlimitation');
INSERT INTO "mendixsystem$attribute" ("id", 
"entity_id", 
"attribute_name", 
"column_name", 
"type", 
"length", 
"default_value", 
"is_auto_number")
 VALUES ('76bf0011-197b-4a7e-8803-fb18987c32d6', 
'fc9a5209-0dd8-416a-b14e-0eb8a26d26fa', 
'NumberOfAllowedUsers', 
'numberofallowedusers', 
3, 
200, 
'0', 
false);
INSERT INTO "mendixsystem$attribute" ("id", 
"entity_id", 
"attribute_name", 
"column_name", 
"type", 
"length", 
"default_value", 
"is_auto_number")
 VALUES ('e211d02c-4a56-437b-b441-67fb8b9d9f6f', 
'fc9a5209-0dd8-416a-b14e-0eb8a26d26fa', 
'LimitationType', 
'limitationtype', 
40, 
200, 
'', 
false);
INSERT INTO "mendixsystem$attribute" ("id", 
"entity_id", 
"attribute_name", 
"column_name", 
"type", 
"length", 
"default_value", 
"is_auto_number")
 VALUES ('1e3915a2-fa37-4ff1-bd2f-71652d35b51a', 
'fc9a5209-0dd8-416a-b14e-0eb8a26d26fa', 
'AmountType', 
'amounttype', 
40, 
200, 
'', 
false);
CREATE TABLE "system$userlimitation_licenseinformation" (
	"system$userlimitationid" BIGINT NOT NULL,
	"system$licenseinformationid" BIGINT NOT NULL,
	PRIMARY KEY("system$userlimitationid","system$licenseinformationid"));
CREATE INDEX "idx_system$userlimitation_licenseinformation_system$licenseinformation_system$userlimitation" ON "system$userlimitation_licenseinformation"
	("system$licenseinformationid","system$userlimitationid");
INSERT INTO "mendixsystem$association" ("id", 
"association_name", 
"table_name", 
"parent_entity_id", 
"child_entity_id", 
"parent_column_name", 
"child_column_name", 
"index_name")
 VALUES ('397887de-0f05-4c7a-807a-07e07fcbbaa7', 
'System.UserLimitation_LicenseInformation', 
'system$userlimitation_licenseinformation', 
'fc9a5209-0dd8-416a-b14e-0eb8a26d26fa', 
'2094c41d-9a78-4f9b-a099-862521f8fd98', 
'system$userlimitationid', 
'system$licenseinformationid', 
'idx_system$userlimitation_licenseinformation_system$licenseinformation_system$userlimitation');
CREATE TABLE "administration$account" (
	"id" BIGINT NOT NULL,
	"fullname" VARCHAR_IGNORECASE(200) NULL,
	PRIMARY KEY("id"));
INSERT INTO "mendixsystem$entity" ("id", 
"entity_name", 
"table_name", 
"superentity_id")
 VALUES ('3078a23e-13b2-4a9b-84e4-2881fdee53c6', 
'Administration.Account', 
'administration$account', 
'282e2e60-88a5-469d-84a5-ba8d9151644f');
INSERT INTO "mendixsystem$attribute" ("id", 
"entity_id", 
"attribute_name", 
"column_name", 
"type", 
"length", 
"default_value", 
"is_auto_number")
 VALUES ('42eb180e-36df-4325-8b97-dec1e16f0e99', 
'3078a23e-13b2-4a9b-84e4-2881fdee53c6', 
'FullName', 
'fullname', 
30, 
200, 
'', 
false);
INSERT INTO "mendixsystem$version" ("versionnumber", 
"lastsyncdate", 
"preanalysismigrationversionnumber")
 VALUES ('4.0.7', 
'20140415 16:38:30', 
'1.0.1');
